en,fr
Abyss Diver,
Abyss Fish Cyrus,
Abyssal Octopot,
Amethyst Crab,
Anchorman,
Anemon,
Aquarella,
Aquarion,
Armoured Wartoise,
AxeShark,
Axolhotl,
Axolotl,
Baleen Mage,
Barracuda,
Basiliscale,
Briny Bronco,
CancerMan,
Caterwaulin' Kelp,
Cauldrone,
Chomp Star,
Clangoustine,
Claw Breaker,
Claw Hammer,
Claws Célèbre,
Crabber Dabber Doo,
Crabble-Rouser,
Crabid,
Crankiid,
Crayzee,
Croaked King,
Crushtacean,
Cursed Diva,
Dangler Fish,
Deathcargot,
Demon Barber,
Devilfish,
Disastropod,
Dorsal Fiend,
Dread Herring,
Elegiac Crablet,
Elepus,
Emperor Tapper,
Eraser Ge50,
Eveel,
Evil Emperor,
FishRider,
Foul Anchor,
Genodio,
Ghost Crab,
Gracolyte,
Guardian Of The Water Shrine,
Hades Squid,
Hammer Horror,
Handsome Crab,
Helldorado,
HoodSquid,
Incineraytor,
Iron Tortoise,
Ironclad Wartoise,
Jawtoise,
Khalamari,
Khalamari Kid,
Killer Gila,
Killer Wave,
King Crab,
King Kelp,
King Squid,
Knocktopus,
Kriller Killer,
Land Turtle,
Leviathanatos,
Lobster Mobster,
Magic Beast,
Man O' War,
Mangler Fish,
Mashouu,
Maulrus,
Merderer,
Merking,
Merlusc,
Merman,
Mermaniac,
Mermidon,
MerTiger,
Morphean Mollusc,
Mortoad,
Mossferatu,
Mother Ocker,
Muddy Stream,
Nail Blighter,
Numbing Man O' War,
Octavian Pirate,
Octavian Sentry,
Octo Dermon,
Octo Soldier,
Octophant,
Octopot,
Pale Whale,
Paws,
Perilwinkle,
Picuda,
Pigmalion,
Plated Goretoise,
Pogoin' Penguin,
Poison Eveel,
Pollywaggle,
Pollywiggle,
Poseidon,
Poseidus,
Pot Shot,
Power Hammer,
Preying Manta,
Puffpoise,
Quayhorse,
Ray-Finned Sahuagin,
Riptide,
Rockin' Rockhopper,
Salamarauder,
Scarfish,
Scratcher,
Sea Breeze Diva,
Sea Dragon,
Sea Lyricist,
Seasaur,
Seaslime,
Seavern,
See Angel,
See Urchin,
Shelligator,
Singing Hibiscus,
Siren,
Smashin' Crab,
Smoke Wave Emperor Nebud,
Spinchilla,
Squid Kid,
Squidzilla,
Stale Whale,
Stone Crablet,
Strangler Fish,
Strongylokrotaphus,
Suckling Ocker,
Tentacular,
Tentickle,
Terminonatator,
Thaumatosaurus,
Thriller Wave,
Tomimashin Amamo,
Trickstar,
Tuffpoise,
Tuskateer,
Ultraviolent Ray,
Uonori Devil,
Wadatsumi,
Wallop Scallop,
War-Rus,
Water Evil Katva,
Wet Kisser,
Wharfhorse,
Wild Boarfish,
Wolfram Wartoise,
Woolungasaurus,
Wooper Trooper,
Yabby,
Zaptile,
24-Carrot Bunicorn,
Abominable Showman,
Abominape,
Abracadabrador,
Air Rat,
Alphyn,
Antgobbler,
Antguzzler,
Antnibbler,
Aogami Wargod,
Archimaera,
Assault Captain Shishiou,
Bad Bertie,
Bad Camry,
Bad Hare,
Badboon,
Badger Mager,
Badja,
Bagworm,
Bairozeo,
Balzackian,
Barksman,
Battering Ram,
Beast General Marquis De Leon,
BeastNite,
Beavern,
Berzorker,
Bewarewolf,
Big Badboon,
Black Equinox,
Blastoad,
Blindfolded Hammerhood,
Bling Badger,
Blondie,
Blue Fang,
Blue Giraffe,
Blue Horn,
Blue Minx,
Boarker,
Boppin' Badger,
Borgelg,
Brainy Badboon,
Brandon Beast,
Bright Crystal Beast Boiboh,
Broken King Bermud,
Brownie,
Buffalo Wing,
Buffalogre,
Bulldozer,
Bullfinch,
Bullion,
Bunicorn,
Burgun Equinox,
Byblos,
Caliconjurer,
Calypso King,
Candy Cat,
Captain Platypunk,
Catula,
Cerberex,
Cerberuff,
Cerberwretch,
Chainine,
Cheater Cheetah,
Chiya Fuujin,
Chiya Raijin,
Chompoceros,
Choppy Hopper,
Clawcerer,
Cocoa Nut,
Cool Minx,
Coral Dimos,
Crack-Billed Platypunk,
Critterwaul,
Crocodog,
Cross Eye,
Daisy Chan,
Damned Ram,
Dark Brownie,
Dark Devildog,
Dark Hare,
Dark Sabrecat,
Dark Sabrecub,
Darkodile,
Death Rattle,
Demon Of The Gate,
Demon Shisa Dog,
Demonsgate,
Devil Nyan,
Dieablo,
Diemon,
Dirty Rat,
Divine Judges,
Don Mole,
Drackal,
Drackal-In-Antiquity,
Draguar,
Drastic Drackal,
Dreadful Drackal,
Elephant King,
Enormoose,
Equestrion,
Equinox,
Evil Ganesha,
Ewwnicorn,
Expload,
Eyevory Tusk-Tusk,
Fat Bat,
Fat Rat,
Fencing Fox,
Feralball,
Feralbeast,
Flatulent Ferret,
Floral Dandy,
Foetid Ferret,
Foo Dog,
Fouler Jowler,
Franticore,
Funky Ferret,
Galdodon,
Gargoyle,
General Of Darkness Boga,
Genghis Ham,
Genuine Nemean,
Ginormoose,
Giraffe Sister,
Giruffian,
Gloomnivore,
Gnubie,
Gnucifer,
Gnumesis,
Gnuriel,
Godsteed,
Gold Lion,
Gold Nugcat,
Gorago,
Gorerilla,
Gosnell,
Goushirsha,
Grave Digger,
GrayBear,
Great Sabrecat,
Great Sabrecub,
Greater Platypink,
Greater Platypunk,
Grinsquirrel,
Gronkey Kong,
Growlbear,
Grrrgoyle,
Guaardvark,
Guaca Mole,
Gullray Beast,
Guru Sudok,
Gurubareida,
Haardvark,
Half Hog,
Ham Shamwitch,
Hammerhood,
Heligator,
Hell Hog,
Hell's Gatekeeper,
Hellhound,
Hellion,
Hellsguard Veera,
High Roller,
Hippo Guard,
Hippo King,
Hippo Sardon,
Hippo Soldier,
Hippoblockomus,
Hippocamper,
Hippokin,
Hippoloco,
Hippopotamiss,
Holy Beast Daikirin,
Hot Dog,
Humbaba,
Hungry Hunter,
Hyperboarean,
Ijaran,
Infanticore,
Infergon,
Jackal Ripper,
Jackanape,
Jailcat,
Jamo Of The Hundred Grudges,
Jolly Sasquash,
Jowler,
Jumping Jackal,
Jörmun,
Kaleidocat,
Killer Fang,
Killer Kitty,
King Foo Dog,
Kirinji Giraffe,
Laguar,
Lazy Eye,
Leon Bubro,
Lichard The Lionheart,
Lightmare,
Lionidas,
Logast,
Luneyetic,
Mad Mole,
Magiroddo,
Maniacal Mole,
Manticore,
Marbguar,
Mars Rover,
Megaton Champ,
Meowgician,
Mischievous Mole,
Missing Lynx,
Mogus,
Mohawker,
Mojaro,
Morara Beast,
Mourning Beast Zontedor,
Mouseflap,
Mouseflap Bug,
Mousenap,
Munchie,
MuscleKong,
Myraji,
Mythsteed,
Nagasus,
Natural Born Quiller,
Naumannborg,
Nemean,
Night Cat,
Night Clubber,
Night Emperor,
Night Fox,
Nutter,
Octagoon,
Orc,
Orc Chieftain,
Orc King,
Orc Pawn,
Orc Queen,
Owlbear,
Pan Piper,
Pawmaturge,
Phantaseyes,
Phantom Horse,
Picky Mole,
Pink Bonbon,
Pink Elephant,
Pink Pongo,
Pink Sabrecat,
Platydeer,
Platypunk,
Platypunk The Sage,
Porker,
Powie Yowie,
Poxtongue,
Pretty Cat Fly,
Prism Peacock,
Prowler Jowler,
Pruslas,
Pummel Horse,
Purrestidigitator,
Pythonasus,
Quiller,
Racoon Platypunk,
Rainiac,
Ram Raider,
Rampage,
Rapscallion,
Ratatattack,
Ratscal,
Rebel Lion,
Red Beast Buzzred,
Red Fang,
Red Flame Fighter,
Red Horn,
Red Squirrel,
Remote,
Revaulting Horse,
Rhino Sister,
Rhinoceraxe,
Rhinocerex,
Rhinothrope,
Ringjara Demon,
Ripped Rabbit,
Robber Rabbit,
Ronin Raccoon,
Rotten Cotton,
Rottontail,
Ruff Ruffian,
Sabrecat,
Sacred Silver Haardvark,
Sasquash,
Scallop Wallaby,
Scarewolf,
Scrimsley Terror,
Sea Dog,
Second Floor Mausoleum Guardian,
Second Test,
Serial Quiller,
Sexy Cat Fly,
Sham Hamwitch,
Sham Hatwitch,
Shingo Junoga,
Sick Trigertaur,
Silencing Ram,
Silver Platypunk,
Silver Sabrecat,
Silver Sabrecub,
Skycat,
Slumbering Ram,
Smackanape,
Snaily Tail,
Sniping Barksman,
Soul Mole,
Spiked Club,
Spiked Hare,
Splatterhorn,
Splatypunk,
Squign,
Star Lemming,
Steel Training Shell,
Stone Rhino,
Stormy Sabrecat,
Striking Sabrecat,
Sulphubal,
Summer Wolf,
Sunset Sultan,
Super-Minded Beast,
Sweaty Yeti,
Swinoceros,
Sword King Gardlion,
Tall Tail,
Tantamount,
Tauradain,
Taurix,
Taurtarus,
Tearwolf,
Terror Tabby,
Terrorceratops,
Terrorhawk,
The Demonic Beast From The Gate,
Third Test,
Thwarthog,
Tiger Jackal,
Tigercub,
Tigergram,
Togasu Nonushi,
Tongue Fu Fighter,
Tongue Fu Master,
Tortoceratops,
Total Nutter,
Toxtongue,
Trigertaur,
Trikaceratops,
Tyrannoceratops,
Tyrant Basagrande,
Unfinished Broken King,
Ursa Major,
Ursa Mega,
Ursa Minor,
Ursa Panda,
Utter Nutter,
Vampire Bat,
Vampire Battler,
Vampire Cat,
Vermil Lion,
Volpone,
War Lizard,
Warhog,
Weartiger,
Werewolf Wolmad,
Whackanape,
White Lion,
White Trigertaur,
Whole Hog,
Whopper Hopper,
Wild Beast,
Wilder Beast,
Winged Sabrecat,
Wishmaster,
Woolly Elefort,
Yawnoceros,
Zenel The Anoinkted,
Zephyr White Lion,
Air Duckt,
Albatrassin,
Anarchaeopteryx,
Apeckalypse,
AquaHawk,
Aristobat,
Azurile,
Bad Bird,
Bantamweight,
Batatouille,
Beakon,
Belisha Beakon,
Bird Of Terrordise,
Black Goyle,
Blast Crow,
Bludgerigar,
Brawn Moa,
Canaryano,
Carapoppo,
Charge Racer,
Chicken Poxer,
Chillanodon,
Chimaera,
Chimaera Pawn,
Choccy Dracky,
Cockateer,
Cosmic Chimaera,
Crested Loon,
Crowgre,
Dark Buzzard,
Dark Condor,
Dark Gryphon,
Dark Turkey,
Deadly Dodo,
Death Crow,
Dingbat,
Div,
Drackmage,
Drackolyte,
Dracky,
Drackyma,
Dreamaera,
Eagle Devil,
Elder Pipit,
Elysium Bird,
Emyu,
Evil Ruberangis,
Featherweight,
Firebird,
Forest Peckerel,
Fowlfighter,
Fruity Succubat,
Fuginmunin,
FunkyBird,
Gangleclaw,
Garuda,
Garudian,
Gelbatross,
General Jamirus,
Goldfeather,
Goregoyle,
Gracky,
Grampogriff,
Great Dracky,
Great Gryphon,
Green Winged Demon,
Grim Gryphon,
Grudgerigar,
Gryphon,
Hades Condor,
Hades' Condor,
Hawk Man,
Hocus Chimaera,
Hocus Dreamaera,
Hope Beast,
Horn Moa,
Hot Ruler,
Hybird,
IronHawk,
Jumbo Dracky,
Kapurigon,
Kingfuchsia,
KiteHawk,
Kukri,
Leghorn Emperor,
Lunar Chimaera,
Mad Mallard,
Metal Chimaera,
Monarchaeopteryx,
Nobirdoph,
Nomeg,
Nomegoen,
Oligarchaeopteryx,
Paralakeet,
Parched Peckerel,
Peahooter,
Peckerel,
Perky Pelican,
Phoenix,
Pipit,
Polar Polly,
Prison Chi-Chi-Chi-Chief,
Product N°13,
Pteranodon,
Quack Up,
Quetzalcoatlus,
Rantingen Raven,
Raven Lunatic,
Returner Moa,
Ruffled Goon,
Saint Drackylaus,
Samba Beakon,
Sharphooter,
Sleepowl,
Snowbird,
Sparky,
Stark Raven,
Stingfisher,
Succubat,
Supreme Succubat,
Tenseicarnation,
Terrornodon,
Thaumatobat,
Thunderbird,
Tiko,
Tubby Dracky,
Tundracky,
Uber Dreamaera,
Valhalla Vulture,
Vampire Succubat,
War Gryphon,
Weaken Beakon,
White Cloud Wings General Yanubi,
Bundold, The Thief,
Cunning King Azamook,
Evil Archdemon,
Evil Atlas,
Evil Blue Moon,
Evil Chimaera,
Evil Cosmic Chimaera,
Evil Crabber Dabber Doo,
Evil Crabid,
Evil Dark Planet,
Evil Disfigurine,
Evil Dragon Zombie,
Evil Elder Dragon,
Evil Forest Dragon,
Evil Gaia Dragon,
Evil Gigantes,
Evil Hocus Chimaera,
Evil Jade Dragon,
Evil King Crab,
Evil King Squid,
Evil Leon Bubro,
Evil Liege Lizard,
Evil Lleviathan,
Evil Mars Face,
Evil Maulrus,
Evil Mechan-O'-Wyrm,
Evil Metal Dragon,
Evil Metal Slime,
Evil Prism Peacock,
Evil Rashaverak,
Evil Red Dragon,
Evil She-Slime,
Evil Skelegon,
Evil Slime,
Evil Spike Head,
Evil Estark,
Evil Star Estark,
Awakened Emperor,
Evil Tentacular,
Evil Terrorhawk,
Evil Tuskateer,
Evil Volcano Elder,
Evil War-Rus,
Evil Wiggly,
Gourmet King Boshock,
Torture King Itaburu,
Agehafly,
Ant Hodan,
Aragune,
Armoured Ant,
Armoured Scorpion,
Army Ant,
Batterfly,
Battle Beetle,
Bedbug,
Beelzebuzz,
Beetleboy,
Beetlebully,
Betterfly,
Black Mantis,
Blightcrawler,
Blighted Bloater,
Blistering Bloater,
Boobaa,
Boring Bug,
Cherryfly,
Cocoon Goon,
Combatterpillar,
Compos Mantis,
Continent Toad,
Contraindicated Spawn,
Cosmo Lunatick,
Cosmo Lunatick Queen,
Cutterfly,
Cyber Spider,
Dark Moth,
Dark Spider Margit,
Death Scorpion,
DeathScyther,
Decoloration,
Depthslogan,
Devilmoth,
Dread Admiral,
Drohl Diabolist,
Drohl Drone,
Drollrium,
Eyesaur,
Fire Beatle,
Floating Bloater,
Flyguy,
Freeze Fly,
Frightcrawler,
Frogface,
Frogman,
Fuddlestick,
Gastropog,
Gejura,
Ghastropod,
Giant Moth,
Giddy Gastropog,
Gloomy Gastropog,
Glugworm,
Goblin Pixie,
Gold Drohl,
Green Scissors,
Grillerpillar,
Guren's Hive Queen,
Hell Hornet,
Hermit Pixie,
Hideous Eyesaur,
HornBeet,
Ice Bomber,
Illerpillar,
Invasion Captain Sizarg,
Iron Ant,
Iron Rhino,
Iron Scorpion,
Killer Croaker,
Killer Moth,
Killerpillar,
Killipede,
Kisser,
Lava Larva,
Lips,
Lugworm,
Lunatick,
Lunatick Prince,
Lunatick Queen,
Mad Mollusk,
Marine Mollusk,
Maulusc,
Metal Scorpion,
Mosquito Gnat,
Nightcrawler,
Opabi,
Overtoad,
Palooka Prawn,
Preying Mantis,
Prometimos,
Pterygotus,
Pucker Sucker,
Pyuro,
Rainbow Scissor,
Raving Lunatick,
Rumble Bee,
Scarab King,
ScaraBeetle,
Scarabugger,
Scaraburrower,
Scarabvader,
Scarlet Scorpion,
Scissor Beatle,
Scornet,
Scorpider,
Scorpion,
Scorpion Of Calamity,
Sentripede,
Sickler,
Silver Armoured Assault Commander Dabam,
Slayer Of The Sands,
Slaying Mantis,
Slugger,
Sluggernaut,
Sluggerslaught,
Smacker,
Somnol Ant,
Splutterfly,
Stinkerbell,
Swarmtroop,
The Harpion,
Toady,
Toxic Toad,
Tsuku Hoshi,
Venom Wasp,
Venompede,
Vinegaronga,
Walking Stick,
WarMantis,
Waspion,
WeedBug,
Widow's Pique,
Wiggles,
Wiggly,
Worm Of Woe,
Wormonger,
Yellow Sickle,
Yellowjackwasp,
Zebra Mantis,
31 Snowy Sanguini,
Abullddon,
Abyssal Soldier,
Admiral Alastor,
Aggrosculpture,
Akuma Knight,
Alefgardian Conklave,
Aliahanian Conklave,
Archbashop,
Archdemon,
Argo,
Arrghgoyle,
Atlas,
Atlas' Stool,
Baalzebub,
Babygoyle,
Badonis,
Balhib,
Barbatos,
Baron Von Bellycose,
Basillus Keeper,
Basura,
Batboon,
Bathysfear,
Batmandrill,
Beastly Priest,
Beleth,
Belfggor,
Belial,
Belly Stick,
Big Sanguini,
Bilebonnet,
Bilhaw,
Biting Batboon,
Black Batboon,
Black Bishop,
Blinkster,
Blood Mage,
Bloodbonnet,
Bloodcreeper,
Bloody Manguini,
Boa Bishop,
Boarticulturist,
Bodkin Archer,
Bodkin Bowyer,
Bodkin Fletcher,
Boodiful Smogbonnet,
Boodiful Sootbonce,
Booga,
Boogie Manguini,
Boss Troll,
Brodysseus,
Bubblemon,
Cabot,
Cannibelle,
Cannonbrawler,
Caped Caperer,
Captain Catastrophe,
Chargoyle,
Cheeky Devil,
Chuggy,
Cloud Surfer,
Coa Cumone,
Cobra Cardinal,
Coin Atlas,
Coin Belial,
Coin Pazuzu,
Conkettes,
Conklave,
Courageous Instep Beast,
Crimson Glaive,
Cyclops,
Cyclops Clown,
Czargoyle,
Dance Devil,
Dancing Devil,
Dark Minister,
Dark Night Giant,
Dark Sea-Diva,
Darkcrawler,
Darkgoyle,
Darkness Of Despair,
Darkness Of Hatred,
Deathsquad,
Delusionist,
Demon Batboon,
Demon Deacon,
Demon Gate Guard,
Demon Greeter,
Demon Of Calamity,
Demon Overlord,
Demon Steward,
Demon Thunderer,
Der Gib,
Desert Galba,
Desert Gorba,
Desperate Owlur,
Dessert Demon,
Devil Chief Jiggis,
Devil Enraja,
Diablada,
Djinn Genie,
Dogmus,
Dominion Guard,
Dread Dracky,
Dud Dude,
Duke Sigras,
Emerald Demon,
Eternal Giant,
Evil Sorcerer,
Eyelasher,
Eyepod,
Fia, Fallen Angel Of Hosumi,
Fighting Batboon,
Flurry Fiend,
Flying Flayer,
Forky Pig,
Gamigin,
Gander,
Gangrem,
General Gladiator Troll,
Genie Sanguini,
Genosidoh,
Gore Genosidoh,
Giant War Demon,
Giga Hero,
Gigantes,
Gigantifungi,
Gladiator Troll,
Golden Goliath,
Goobonce,
Goregon,
Gramarye Gruffon,
Grand Satan,
Great Gruffon,
Great Troll,
Gremlin,
Grim Grinner,
Grim Keeper,
Grimlin,
Grody Gumpdrops,
Grrrarrrgoyle,
Gruffon,
Guardian Of The Earth Shrine,
Gyrogre,
Hackrobat,
Hades Helm,
Halloween Demon,
Harmachis,
Heavy Hood,
Hell Raiser,
Hellstalker,
Hex Hellmet,
Heyedra,
High Djinks,
Hipster,
Hirsute Hexer,
Hit Devil,
Hocus Porcus,
Hocus-Poker,
Hood,
Hoodlum,
Hooper Duper,
Hooper Trooper,
Hooperman,
Hula Ghoul,
Hulagan,
Hyper Heyedra,
Hyperanemon,
Hyperpyrexion,
Hypothermion,
Ice Queen,
Illusion Knight,
Imp,
Impostir,
Jerkules,
Jinkster,
Jockilles,
Juggular,
Jugular Joker,
Jungleye,
Karaage,
Killing Staff Relanza,
King Sanguini,
Knight Aberrant,
Knight Abhorrent,
Knight Errant,
Knight Of The White Rose,
Kukuhawker,
Kukulkannibal,
Kurayami Hiten,
Leery Lantern,
Left Hand Of The Seal,
Legerdeman,
Lesser Demon,
Lil' Tyke,
Little Devil,
Little Elf Sanguini,
Lonely Darkness,
Loss Leader,
Low Djinks,
Lump Shaman,
Lump Wizard,
Madusa,
Magic Prison Graduate,
Magic Solider Hypnos,
Magic Solider Tanato,
Magical Demon Chamur,
Magmantes,
Major Disaster,
Manguini,
Master Commander,
Master Kung,
Master Moosifer,
Meany Sanguini,
Minidemon,
Moosifer,
Morrimp,
Mortella,
Muggy,
Mushy Cyclops,
Night Cardinal,
Nightmare's Right Hand,
Ogre,
Oinkubus,
Orobas,
Pazuzu,
Peeper,
Pesky Jester,
Phantom General Fuzzma,
Pharaoh's Left Hand,
Pharaoh's Right Hand,
Pickayune,
Pickeerer,
Picksy,
Pilferpithecus,
Pink Sanguini,
Preeny Sanguini,
Prestidigitator,
Prickly Prankster,
Priest Knight,
Prince Of Darkness,
Product N°12,
Psycho Master,
Python Priest,
Quadrahead,
Queenie Sanguini,
Rabid Rector,
Razukeeper,
Red Baron,
Redtail Hipster,
Relulu,
Right Hand Of The Seal,
Ritual Rater,
Ruggy,
Salta,
Samigina,
Santa Sanguini,
Scargoyle,
Scarlet Knight,
Sculptrice,
Shadow,
Sheer Decadence,
Shishin,
Side Winder,
Silvapithecus,
Silverine,
Sinisculpture,
Sintaur,
Skullrider,
Slugly Betsy,
Smogbonnet,
Snake Ch-Arm-Er,
Snake Handler,
Snotbonce,
Snowy Sanguini,
Soaring Scourger,
Sootbonce,
Sooty Sanguini,
Sorcerer,
Space Demon,
Space Devil,
Spawny Devil,
Spiegel,
Star Devil,
Stout Troll,
Sugar Baddie,
Sweet Troll,
Swingin' Hipster,
Swingre,
Tap Devil,
Teeny Sanguini,
Terror Troll,
Third Floor Mausoleum Guardian,
Thuggler,
Titanis,
Togre,
Tormentaur,
Tree Feller,
Tricksy,
Tricky Devil,
Trodainian Conklave,
Troll,
Tsukomomon,
Tweedledoom And Tweedledeath,
Vaipur,
Very Devil,
Vis Mager,
Voice Genie,
Whackolyte,
White Imp,
Whizzard,
Wienum,
Wimp,
Winkster,
Winky,
Wisdom Beast,
Witch,
Wrecktor,
Zelmere, Master Of Spells,
Zenithian Conklave,
Abject Terror,
Abyssal Dragon,
Abyssaldon,
Airbagon,
Akragarena,
Alabast Dragon,
Angola Lizard,
Argon Lizard,
Ash Thunder General Barke,
Ashe,
Auroral Serpent,
Axesaurus,
Balzack Zombie,
Barashna,
Barkeros,
Biguana,
Black Dragon,
Black Flying Dragon,
Blackfly,
Blazing Wingwyrm,
Blood Dragon,
Blue Dragon,
Blue Flying Dragon,
Bobonga,
Bombmaster Captain Dynos,
Boreal Serpent,
Bright Crystal Beast Doggudra,
Cactolotl,
Captain Drago,
Cauldragon,
Chaos Dragrumble,
ChaosDrak,
Chihuawyrm,
Clawvus,
Cobra Kaiser,
Cobra King,
Coralotl,
Crested Viper,
Croc-A-Bugle-Doo,
Crystalotl,
Damselfly,
Dark Dragling,
Darkest Despair,
Darksteel Dragon,
Deep Sea King Dragon,
Demon Alligator,
Demon Dragon,
Demon Dragon Bouney,
Demon Dragon Jaomanda,
Destroyer Dinosaur,
Devil Dragon,
Devil Dragooner,
Diethon,
Divine Dragon,
Doomsday Dragon,
Drag Racer,
Drag-Goof,
Drag-Goon,
Dragnoir,
Dragon Pup,
Dragon Rider,
Dragon Source,
Dragon Vanguard,
Dragon Zombie,
Dragonfly,
Dragonfry,
Dragonthorn,
Dragooner,
Dragstar,
Dragster,
Dragurn,
Drakulard,
Drakularge,
Drakulord,
Drakulurch,
Dread Dragon,
Dread Dragooner,
Dread Dragroad,
Drygon,
Dual Duellers,
Earthwyrm,
Elder Dragon,
Elusid,
Emerald Dragon II,
Emerald Dragon,
Emperor Wyvern,
Empyreal Serpent,
Eoraptor,
Ethereal Serpent,
Evangelizard,
Fiery Dragling,
Finned Fatale,
Flapdragon,
Flying Doctor,
Flython,
Freezing Wingwyrm,
Frizzard,
Frost Wyvine,
Frou-Frou,
Frou-Fry,
Fryling,
Fuddleguana,
Gaia Dragon,
Galumph,
Gasbagon,
General Gaia Dragon,
General Giga Clubber,
GenoDrak,
Giga Clubber,
Gigahammer,
Gigalumph,
Girguish,
Glizzard,
Gold Dragon,
Gold Fryling,
Golden Dragon,
Grand Yellow Belly,
GranDragn,
OmniDragon,
Great Argon Lizard,
Great Dragon,
Great Master,
Green Dragon,
Greygnarl,
Barbarus,
Grimos,
Grotwyrm,
Guardian Of The Wind Shrine,
Hacksaurus,
Halberdsaurus,
Harvest Dragon,
Hiptile,
Holy Sea Dragon Revere,
Horny Devil,
Hotwyrm,
Hydra,
Icefry,
Icicle Dragon,
Icy Dragling,
Infernal Serpent,
Iron Fryling,
Jade Dragon,
Jargon,
Jingle Hydra,
Killer Dragon,
King Hydra,
Kleptoreptile,
Komodo,
Labradrake,
Lapis Dragon,
Lava Hydra,
Lick-O'-Flame,
Liege Lizard,
Lindworm,
Little Gora,
Little Wyvern,
Lumberdrak,
Lumbering Lizard,
Mandrake Major,
Mandrake Mangler,
Mandrake Marauder,
Mandrake Marshal,
Mandrake Mercenary,
Mandrake Militant,
Mandrake Monarch,
Mandrake Murderer,
Megarodyne,
Metal Lizard,
Mysterious Dragon,
Nardragon,
Nessicure,
Noble Dragon,
Noble Gasbagon,
Orgon,
Paladinsaurus,
Pit Viper,
Podokesaurus,
Polka Dot Dragon,
Professaurus,
PudgyDragon,
Ranvirisma,
Raptile,
Rashaverak,
Red Dragon,
Red Flying Dragon,
Red Giant,
Renegade Dragon,
Rotwyrm,
Royal Reptile,
Ruby Dragon,
Sail Serpent,
Salamander Fry,
Saltwater Stallion,
Sand Viper,
Sea Fortress,
Serpent Of The Scales,
Serpentia,
Setesh The Punisher,
Shadow Of Zedra,
Shiny Dragling,
Silver Dragon,
Silver Serpent,
Sixth Floor Mausoleum Guardian,
Sizzard,
Skelegon,
Skraw,
Small Fry,
Snapdragon,
Snow Elder,
Spitfire,
Spitzfire,
Stabosaur,
Stalagosaur,
Tatsunaga,
Tatsunogi,
Terdmeal,
Terrordactyl,
Terrorflyer,
Terudmir,
Thorny Devil,
Training Dragon Azzurro,
Triwinder,
True Disaster Onikonbo,
Tundragster,
Tyrannodactyl,
Tyrantosaurus,
Ultimate Dragon,
Unfathomable Anger,
V Dragon,
Vegandragora,
Vermillion Dragon,
Void Dragon King Griedel,
Volcano Elder,
Warlord Weighvern,
Wave Dragon,
Weighvern,
Whalevern,
Whitey Clubber,
Wide-Load Weighvern,
Wind Dragon Isora,
Wingwyrm,
Wonder Wyrtle,
Wormbat,
Wyrmhole Dragon,
Wyrtle,
Wyrtoise,
Wyvern,
Yellow Flying Dragon,
Zeno Dragon,
Admirer,
Alue,
Ancient Waste,
Black Groom,
Blizzybody,
Blue Glow,
Bright Crystal Beast Zolzom,
Buntzenberner,
Burning Man,
Chocolate Mudpie,
Cottoncloud,
Cumaulus,
Cumulus Hex,
Cumulus Nix,
Cumulus Rex,
Cumulus Vex,
Cursed Shadow,
Cyclown,
Dancing Flame,
Dark Star,
Dead Man's Soul,
Deep Devil General Blago,
Deep Sea Guardian,
Demon Cloud,
Demonspawn,
Discombombulator,
Dreen,
EvilCloud,
Famila,
Fire Fry,
Firespirit,
Firn Fiend,
First Test,
Flamethrower,
Float-O-Copier,
Fluzula,
Freezing Fog,
Fromage Fey,
Fromage Flay,
Fromage Fray,
Fromage Grey,
Frostburn,
Frowson Of Calamity,
Gasbag,
Gastank,
Geothaum,
Gold Golem,
Golden Zepling,
Green Glow,
Grudge Djinn,
Grudge Sludge,
Guilty Crime,
Healium Balloon,
Heavenloon,
Hell Niño,
Hellbound Highness,
Hellspawn,
Hopping Hellfire,
Hotbog,
Inferno,
Injury Vortex,
Jade Flare,
Jadewarrior,
Jarvis's Shadow,
Knight Shift,
Li'l Whizzer,
Lil Crimson,
Live Lava,
Lost Soul,
Magmalice,
Magman,
Miasma,
MistyWing,
Mudraker,
Mudslinger,
Murderous Grudge,
Old Flame,
Pimo,
Pink Pyro,
Poison Trill,
Pural,
Red Glow,
Red Mist,
Red Pudding,
Scarlet Fever,
Scorching Man,
Shade,
Shadeshifter,
Shipwrecker,
Shivery Shrubbery,
Silhoubaron,
Silhouette,
Sky Fry,
Sludgeball,
Sludgefudge,
Smog,
Soft Serve Spook,
Solaris,
Soul Sphere,
Soulspawn,
Source Of Pollution Hedronuba,
Spirit Flame,
Spitnik,
Sun Of Calamity,
Tarot Genie,
Twisticider,
Umbra,
Uncommon Cold,
Whirly Girly,
White Cold Bolta,
White Maamon,
White Spirit,
Will-O'-The-Whips,
Wisp-O'-Smoke,
Woolmaulus,
Ye Olde Wraith,
Yillow,
Yin's Trial,
Zamtasm,
Zepling,
Abracadabrer,
Amenemopet,
Amodeus,
Anaume First Brother,
Anaume Second Brother,
Anaume Sister,
Ancient Lickspittle,
Angora Faun,
Axassin,
Axecutioner,
Bad General Togrus Maximus,
Bag Snatcher,
Bagley,
Bamboo Bopper,
Basarana,
Battle Pip,
Beastmaster,
Bedmare,
Belinda,
Ber,
Berserker,
Big Hammer,
Bodkin Bloodbow,
Body Politic,
Boe,
Boh,
Boodiful Hocus-Poker,
Boodiful Hoodlum,
Boodiful Wizard,
Boorbarian,
Brenda,
Báihǔ,
Caper Tiger,
Celtic Faun,
Chariot Chappie,
Claws,
Conkerer,
Conkjurer,
Conkuisitor,
Conkuistador,
Corrupt Carter,
Cosmo Ghoul,
Crimson Rogue,
Cyber Bully,
Darkness Of Pessimism,
Dayle,
Democrobot,
Demon Clown Gazer,
Demon Gaurad,
Demon Ten-Otsu,
Demonogre,
Drooling Ghoul,
Dwight,
Eighth Floor Mausoleum Guardian,
Elder Shield,
Electric Needler,
Envoy,
Envoy Of Yama,
Epipany,
Escudogre,
Fallen Priest,
Fancy Panth,
Fifth Floor Mausoleum Guardian,
Flamin' Drayman,
Frightening Conductor,
Frightful Conductor,
Frolicker,
Gel Soldier,
Gelzark,
Genesis Tree Guardian,
Gezora,
Gleeful Grublin,
Gloomy Grublin,
Golden Badind,
Grey Gordon,
Grigory Baby,
Grublin,
Grumpy Grublin,
Gum Shield,
Hatshepsut,
Haystack Needler,
Head Of State,
Headhunter,
Hell Conductor,
Hell's Bellboy,
Hell's Steward,
Honeyhead Horknight,
Hoodie,
Hoodoo Gooroo,
Horknight,
Horknight Watchman,
Ice Hall Guardian,
Icikiller,
Incubus,
Indojester,
Infernal Kernel,
Jab,
Jabberwockee,
Jiggery-Pokerer,
Joojoo Gooroo,
Jum,
Jum 'n' Boe,
Kee,
Kernel Colonel,
Kernel Of Truth,
Koonie,
Kotobukino,
Kyoki Prince Dorando,
Leery Lout,
Left Wing,
Leger-De-Man,
Lickity Spit,
Lickspittle,
Lieutenant Kernel,
Lilli Arch,
Lingering Ogre,
Lump Mage,
Machismogre,
Mageshroom,
Magus,
Mausoleum Princess,
Mausoleum Warlord,
Megidrome,
Merry Man,
Midnight Horknight,
Mohawkling,
Monster Tamer,
Monsterous Marine,
Mossy Ghoul,
Muccino,
Mucho Macho,
Mum,
Mumboh-Jumboe,
Mysterious Armed Soldier,
Napir,
Nebetta,
Necromacer,
Needler,
Nightmare,
Notso Macho,
Nut Knight,
Nutty Professor,
Obstructicus,
Old Man Of The Sea,
Orpheus,
Otter Shambles,
Paintbrush Hermit,
Palmio II,
Pantomine,
Peekabogre,
Phalaris Bull,
Pharaoh Naja,
Pharaoh Nibis,
Pilferer,
Pine Needler,
Pious Dogra,
Pip Fighter,
Plunderer,
Pokesperson,
Primitive Beast Fodras,
Prince O' Thieves,
Puppet Master,
Puppet Player,
Puppeteer,
Red-Hot Poker,
Religious Nut,
Revivalist,
Right Wing,
Ring King Zaltra,
Robber Baron,
Robbin' Huddle,
Robbin's Old Lady,
Rogue,
Satyr,
Scroll Mannequin,
Sebastian,
Shabby Cat,
Shaman,
Silenus,
Slave-Driver,
Swag Bagger,
Swagman,
Tactical Wizard,
Tengale,
Testudogre,
Thaumaturge,
Togrus Maximus,
Unholy Bishop,
Viper Lickspittle,
Voodoo Gooroo,
Vulgarian,
War Nut,
Watcher,
Whacksmith,
Wiz Pip,
Wizened Wizard,
Woc,
3 Godevil,
A3G15,
Ancient Urubea Genie Soldier,
Angry Genie,
AU-1000,
Auto Doll Domineus,
Automaton,
Bamboogieman,
Bambooligan,
Bamboozler,
Bio Killer,
Chopping Machine,
Christmas Killer,
Cleankiller,
Clockwork Cuckoo,
Clockwyrm,
Commandant Captain Megath,
Crimson Killing Machine,
Daidalmos,
Dark Nebulus,
Dark Star Machine Dragon,
Double-Edged Steel Dragon,
DrakMachine,
Dune Stalker,
Eggsoskeleton,
Ersatz Estark,
Everkilling Machine,
Extreme Killing Machine,
Face Invader,
Fire Ball,
Fortune Filcher,
General Mech,
General Motor,
General Shuba,
Gold Grabber,
Hard-Boiled Eggsoskeleton,
Heartless Hunter,
Himejitron,
Hunter Mech,
Jurassic Lloyd,
Killing Machine,
Killing Machine Lite,
Killseeker,
Labor Deathwork,
Ladis's Witness,
Lantern Soldier,
Leptilia,
Lil Grade,
Management Terminal Q484,
Maracaraider,
Masqueraider,
Mecha 'ood,
Mecha-Mynah,
Mechagiraffe,
Mechalomaniac,
Mechan-O'-Wyrm,
Mechidroid,
Megaweapon Immemorial,
Metal Dragon,
Metal Heavy,
Metal Scrapper,
Mindini Hunter,
Old-Timey Machine,
Overkilling Machine,
Paniga Catcher,
Pecoria Alpha,
Pecoria Omega,
Penny Pincher,
Pharaoh Rudra,
Pinocanon,
Platinasaurus,
Rakusho Battle Shaker,
Red Scrapper,
Regimarine,
Regiwing,
Robbin' 'andybot,
Robo-Robin,
Rotten Eggsoskeleton,
Runny Eggsoskeleton,
Sagittar,
Sand Model,
Scrapper,
Scytheborg,
Shocktopus,
Silver Scrapper,
Slaughtomaton,
Stainless Scrapper,
Steam Punk,
Super Killing Machine Lite,
Token Taker,
Trauminator,
Type G0,
Tyrannodroid Of Calamity,
Urubea Genie Soldier,
Visor Kaiser,
Void Droid,
Wheel Killer,
Zade Genie,
Zedragon,
Uberkilling Machine,
Agnis,
Alarmour,
All-Consuming Greed,
Angerope,
Animated Armour,
Annihilantern,
Apostandle,
Archaic Guardian,
Archfiend's Grimoire,
Avian Android,
Bad Karmour,
Bag O' Laughs,
Bag O' Sweets,
Bag O' Tricks,
Bagma,
Barriearthenwarrior,
Beckonring,
Belleau,
Big Rockbomb,
Bingo Bango Bongo,
Black Book,
Bloody Blade,
Blue Moon,
Bomboulder,
Bongo Bango,
Bongo Drongo,
Bongo Fandango,
Bonus Mimic,
Boogieing Buttress,
Bootybag,
Box Of Tricks,
Breeding Beast Byrogogue,
Brigand,
Briny Mine,
Brollygagger,
Brollygarch,
Brollyminator,
Brollympian,
Brrearthenwarrior,
Burr Baby,
Cannibox,
Captain Log,
Cars De Bunny,
Cast Iron Statue,
Cavorting Column,
Ceramic Sergeant,
Chain Djinn,
Charmour,
Cheeky Tiki,
Cheesy Mushroom,
Chest Mimic,
Chocolantern,
Chocolate Golem,
Chocolate Whisp,
Clank 'n' Knalc,
Clay Colonel,
Coffer Of Death,
CoilBird,
Collum O'golem,
Colossal Cannibox,
Colossus Of Despair,
Coralossus,
Corpse Armor Demon,
Crystal Hand,
Cursed Rock,
Damned Well,
Dark Candle,
Dark Decanter,
Dark Golem,
Dark Magic Bell,
Dark Magical Mirror,
Dark Planet,
Dark Realism,
DarkCrystal,
DarkMate,
Darkness Of Envy,
Dead Ringer,
Deadly Blade,
Death Romanism,
Decaneedle,
Delmeze,
Demon Zeratide,
Demonic Knight,
Devil Avilo,
Devil Beast Nerosgogue,
Devil Glass,
Diamond Mannequin,
Dingaling,
Dirty Dogu,
Dirty Doll,
Disfigurine,
Donkey Xote,
Earthenwarrior,
Enhanced Variant Beast,
Erazor Blade,
Erdrick's Restless Armour,
Eternal Devil,
Evil Cubism,
Fake Lada Ghat,
Filglare,
Flamencolumn,
Flying Saucers,
Foldina,
Fourth Floor Mausoleum Guardian,
Frankengolem,
Freaky Tiki,
Frighturn,
Garth Goyle,
Ghost Berry,
Ghost Ship,
Glacial Golem,
Glowering Inferno,
Gold Mannequin,
Gold-Plated Puppet,
Golden Beast Almgogue,
Golden Box,
Golden Disco,
Golden Girl,
Golem,
Goodybag,
Goregonzolla,
Gourd Almighty,
Graven Idol,
Great Bell Of Darkness,
Great Keeper,
Grim Golem,
Grim Reaper,
Grimoire,
Grinade,
Gryphinx,
Guardian Angel,
Guardian Of The Ruins,
Gyldenaut,
Gyldenbritches,
Gyldygga,
Happy Mars Face,
Harmour,
Hat Hamwitch,
Haunted Mirror,
Hell Hopper,
Hellbound Hair-Raiser,
Hellbound Heretic,
Hellbound Horror,
Hellbound Hunter,
Hero Of Yesteryear,
Hexicon,
Hitokui Doll,
Horriflying Saucers,
Horrifying Saucers,
Ice Armour Demon,
Ice Sculpture,
Infernal Armour,
Infernal Pane,
Infinite Beast Nerosgogue,
Iron Duke,
Iron Maiden,
Dora-In-Grey,
IronNite,
Jadoai,
Jia Dragon Rider,
Jia Kuruvida,
Jia Roda,
Jia Ruda,
Jiaape,
Jiademon,
Jiahaw,
Jiarock,
Jiatick,
Kamikazeerock,
Keris Wax,
Killer Torch,
KillerAxe,
King,
Knight,
Kurogane Giant,
Lamentation Of Magic,
Lampling,
Lava Lampling,
Leafy Lampling,
Lethal Armour,
Lethal Charmour,
Leviathing,
Living Statue,
Lover Lamp,
Lucky Lurker,
Luminous Lampling,
Lurid Lampling,
MA Machine God,
Mad Moai,
Magic Demonism,
Magic Dumbbell,
Magic Marionette,
Majin Spindle,
Malevolamp,
Malevolantern,
Mars Face,
Mastermine,
Mazin,
Mega Mimic,
Mega Moai,
Metal Mannequin,
Mimic,
Mimic King,
Mimic With Cheese,
Mimicloset,
Mitron,
Moai Minstrel,
Moan Maiden,
Monogette,
Mortcury,
Mosstodon,
Mud Mannequin,
Muddy Hand,
Multicolour Mannequin,
Ne'er-Do-Well,
Needle Rabbit,
Needleman,
Night Sneaker,
Nightmare Chase,
Obstrocktion,
Ori Column,
Original Beast Pregogue,
Pandora's Big Bad Box,
Pandora's Box,
Pandora's Chest,
Paralyslicer,
Penteractic Guardian,
Perforated Plate,
PhantomGlass,
Platinum Poppet,
Platinumimic,
Plutanus,
Pocus Poppet,
Prancing Pillar,
Prison Armour Demon,
Prison Guard,
Psychic Giant,
Pumpkabinet,
Puppet Rope,
Puppetor,
Ragged Reaper,
Rainbow Fromage,
Rainbow Rock,
Raving Reaper,
Relentless Helgegogue,
Restless Armour,
Rockbomb,
Rocks Of Purgatory,
RockSpider,
Roogoku Daughter,
Royal Armoire,
Ruby Golem,
Ruin,
Ruin Golem,
Saccharine Sacksquatch,
Sacksquatch,
Samson Knight,
Sand Wave,
Santaclops,
Scarewell,
Schwarzchuld,
Sconstrosity,
Sculpture Vulture,
Sea Horizon,
Seventh Floor Mausoleum Guardian,
Shako Demon,
Siege Captain Gangzan,
Silver Beast Romudogogue,
Skipper,
Slush Wiz,
Snowgre,
Sorcerer's Saucière,
Spike Head,
Spiny Mine,
Statue Of Angelo,
Statue Of Hero,
Statue Of Jessica,
Statue Of Yangus,
Steel Siren,
SteelHulk,
Stone Golem,
Stone Guardian,
Stone Kid,
Stonegelic Golem,
String Fella,
Super Darkism,
Sweetybag,
Tanzaknight,
Teaky Mask,
Temple Patrol,
Terracotta Warrior,
The Great Dark Deadly Demon Towers,
The Hole,
Ticking Timeburrm,
Time Burrm,
Titos,
Tome Of Apocalypse,
Torchgan,
Tower Sentry,
Trap Box,
Tun Of Fun,
Twisted Torch,
Urnexpected,
Urubea Grand Genie,
Variant Beast,
Vertel,
Vial Creature,
Vigilantern,
Vile Vial,
Vividoai,
Wax Murderer,
Wayward Armour,
Well Wisher,
Wenril,
Wickerman,
Wild Fobism,
Wire Man,
Wonder Monk,
Wooden Horseman,
Wrongo Bongo,
Zozagel,
Antiquitree,
Arachtagon,
Awebergine,
Bushy Baby,
Cactiball,
Chewlip,
Clobster,
Cruelcumber,
Dazey,
Fandangow,
Foebergine,
Fowl Beast,
Funghoul,
Gnashturtium,
Gnawchid,
Golden Globe,
Gripevine,
Hogeira,
Leafy Larrikin,
Mandragore,
Mangleclaw,
Metal Woebergine,
Mitey Oak,
Morphean Mushroom,
Mothertoad,
Mushroom Mage,
Odd Cob,
Roistering Rooster,
Scary Cherry Blossom,
Scourgette,
Snipevine,
Stump Champ,
Stump Chump,
Stump Grump,
Tartarus Eagle,
Treeface,
Treevil,
Venus Guytrap,
Woebergine,
Zumeanie,
Übergine,
Aloehaha,
Altar Guardian,
Altar Hunter,
AmberWeed,
Arajo's Guardian Spirit,
Ayashiitake,
Baby Bous,
Bad Apple,
Banana,
Beanie Meanie,
Black Rose,
Blackseed Kid,
Bloodcorn,
Blooming Sorcerer,
Brimstone Bulb,
Bud Brother,
Budding Sorcerer,
Capsichum,
Carnivine,
Cherreevil Blossom,
Chestnut Man,
Dark Macarbour,
Devipine,
Direlog,
Evil Eye Tree,
Evil Tree-Ent,
EvilSeed,
Ferne The Hunter,
Festivitree,
Flame Flower,
FlowerBeat,
Fluffy,
Fluffy Fur,
Forest Guardian,
Fresh Green General Of Extermination Conne,
Fruity Potty,
Garish Garlic,
GhosTree,
Giant Mushroom,
Gourdzilla,
Guardian Of The Dark Tree,
Hate Tree,
Haunted Tomato,
HerbMan,
Holly Oliver,
Ivory Flower,
Large Woebergine,
Leaf Spirit,
Loathsome Leek,
Magatsukaze,
Maizetress,
Malign Vine,
Mental Pitcher,
Monolog,
Motherwood,
Musketeer Cruelcumber,
Musketeer Tomato,
Onion King Slime,
Onion Of Purification,
Onion Slime,
OnionMaster,
Ornery Onion,
Paprikan,
Plumpkin,
Pomegranate,
Pumpkin Kid,
Pumpkin Knight,
Root Of All Evil,
Rose Princess,
Rotten Apple,
Rotten Green Curse General Zutan,
Scare Root,
Screwball Pitcher,
Scruffy,
Fizzy,
Shamanju,
Sinistletoe,
Slurperon,
Snowball,
Stumped Druid,
Stumpkin,
Thornella,
Toxic Turnip,
Tree Devil,
Tree Sage,
Tufty Tot,
Twiggy,
Wailin' Weed,
Wild Carrot,
Writhing Root,
Yggdrasil,
Yule Log,
Ace,
Angel Slime,
Aqua Slime,
Baby Slime,
Bad Egg,
Beaster Egg,
Behemoth Slime,
Berry Slime,
Beshemoth Slime,
Bianca Slime,
Bite Bulb,
Black Ninja Slime,
Blixenslime,
Blue Ninja Slime,
Bowslime,
Box Slime,
Brown Ninja Slime,
Bubble Slime,
Buchi Cookie,
Buchi Dos,
Buddy Slime,
Builder Slime,
Candy Slime,
Canzar,
Cherry Slime,
Chocoslime,
Cloud Dragon Slime,
Cloud Slime,
Cococoa Blobelisk,
Cosmoslime,
Cream Slime,
Crème Caraslime,
Cureslime,
Cutie Slime,
Cyber Slime,
Dank Bubble Slime,
Dark King Slime,
Dark Lancer,
Dark Robot Slime,
Dark Slime,
Dark Slime Knight,
Darkonium Slime,
Defeat Captain Jerigo,
Devilled Egg,
Diamond Slime,
Disappointing Gelatin,
Dolomite Box Slime,
Dragon Slime,
Drake Slime,
Dreggon,
East Egg,
Egg-En-Ciel,
Eggcelsior,
Eggsalted Leader,
Eggsolotl,
Eggstremist,
Electroslime,
Emperor Slime,
Energon Slime,
Fangtastegg,
Feral Slime,
User:Flanqer/Test,
Flutter Slime,
Foliegg,
Fright Bulb,
Gem Jamboree,
Gem Slime,
Gold Angel Slime,
Gold Ninja Slime,
Gold Slime,
Golden Pearl,
Goomulonimbus,
Goonache Goodie,
Grandpa Slime,
Green Ninja Slime,
Green Slime,
Guardian Of The Flower Shrine,
Halloween King,
Hammer,
Hard-Boiled Egg,
Healslime,
Heart Boiled,
Heavenly King Slime,
Jade Slime,
Jester Slime,
Jingle Shell,
King Bubble Slime,
King Cureslime,
King Healslime,
King Jester Slime,
King Latem,
King Of Metal King Slimes,
King She-Slime,
King Slick Slime,
King Slime,
Lemon Slime,
Lime Slime,
Liquid Bros,
Liquid Metal Slime,
Liquid Metal Slime King,
Magic Slime,
MagmaSlime,
Marble Slime,
Meddle Slime,
Medislime,
Megganoid,
Metal Angel,
Metal Dragon Slime,
Metal Goddess,
Metal Healie,
Metal Kaiser Slime,
Metal King Slime,
Metal Medley,
Metal Pearl,
Metal Slime,
Metal Slime Knight,
Metal Truffle Slime,
MimeSlime,
Mottle King Slime,
Mottle Mendslime,
Mottle She-Slime,
Mottle Slime,
Mouldy Slime,
Murdaw Egg,
Mushroom Spirit,
Nemeslime,
Nera Healslime,
Obsidian Box Slime,
Orange Ninja Slime,
Pasty Pastry,
Patissier Knight,
Pink Ninja Slime,
Pink Slime,
Pinkmushslime,
Platinum King Jewel,
Prime Slime,
Princess Slime,
Prism Stack,
Purple Ninja Slime,
Queen Slime,
Red Ninja Slime,
Rotten Egg,
Rubble Slime,
Saihong's Death Sword General Gross,
Scallop Slime,
Schleiman Tank,
Schwarzman Tank,
Scuttle Slime,
Sealion Slime,
Seasonal Slime Stack,
Seedy Weedie,
Shadow Slime,
She-Slime,
Shell Slime,
Shellie's Mother,
Shogum,
Shogun Slime,
Signalism,
Silent Incarnation,
Silver Ninja Slime,
Skullywegg,
Slabbit,
Slick Slime,
Slide,
Slider Girl,
Slider Kids,
Slimachine Z,
Slime,
Slime Blaster,
Slime Gang,
Slime Knight,
Slime Sisters,
Slime Snack,
Slime Stack,
Slimecicle,
Slimeshroom,
Slionheart,
Snail Slime,
Snooty Slime Knight,
Snow Slime,
Snowmangler,
Sootheslime,
Special Metal Slime,
Speggtre,
Spiny Slime,
Sprite Bulb,
Sting Slime,
Stray Royal King,
Sublime Slime,
Sugarstar Slime,
Superior Slime,
Surah,
Teggy Bear,
Trainer Slime,
Triple Splatty,
TropicGel,
Ultra Slime,
Ultrus,
Vanilla Ice Slime,
Watermelon Slime,
Weedie,
West Egg,
Wight Bulb,
Wild Slime,
Wing Slime,
Woman O’ War,
Wooden Egg,
Yellow Ninja Slime,
Yuleslime,
Captain Crow In Memoriam,
Dancing Flame In Memoriam,
Dark Servant In Memoriam,
Dark Turkey In Memoriam,
Darkbird In Memoriam,
Dead Bowdy,
Dhoulmagus In Memoriam,
Don Mole In Memoriam,
Evil Jessica In Memoriam,
Gemon In Memoriam,
Geyzer In Memoriam,
Great Argon Lizard In Memoriam,
Marcello In Memoriam,
Ruin In Memoriam,
Shadow In Memoriam,
Sir Leopold In Memoriam,
Skeleton In Memoriam,
Soul Mole In Memoriam,
Tortured Soul In Memoriam,
Trap Box In Memoriam,
Walking Corpse In Memoriam,
Ancient Mariner,
Armful,
Assault Captain Destan,
Asura King,
Blight Knight,
Blind Hatred,
Blood Mummy,
Bloody Hand,
Bona Constrictor,
Bone Baron,
Bone Bat,
Bone Idol,
Bones Of Baramos,
Bony Bat,
Brrrattling Snake,
Bullmustiff,
Calasmonaut,
Calasmos,
Carbuncle,
Cetacean Sorcerer,
Charm Bat,
Chasmonaut,
Conquistador Ghoul,
Corpse Corporal,
Corpsickle,
Crone,
Crone Ranger,
Cross Bones,
Cursed Crooner,
Dark Dullahan,
Dark Skeleton,
Dark Star Servent,
DarkCrab,
Dead Bone,
Dead Father,
Dead Resident,
Dead Spirit Princess Yasigiri,
Dead Spirit Soldier Maru,
Deadcurion,
Deadnaut,
Death Nightmare,
Death Soldier Gatarian,
DeathMasker,
Decayurion,
Demon-At-Arms,
Demonrider,
Destructive Nightmare,
Devil Maru,
Dierantula,
Disgustling,
Dr Snapped,
Garumazard,
The Almighty,
Snapped Almighty,
Drac The Vlad,
Drakenstein,
Dreadstaff,
Dullahan,
Evil Bandit,
Exorsus,
Fightgeist,
Fly-By-Knight,
Flying Corpse,
Fright Knight,
Frightbait,
Fudgy Hand,
Garuvirus,
Snapped-Off,
Ghost,
Ghost King Parkalas,
Ghost Lebro,
Ghoul,
Gobbler,
Gold Mantle,
Gorius Vengeance,
Greasy Palm,
Great Muddy Hand,
Green Bogey,
Green Palm,
Greenbone,
Grievous Bodily Arm,
Grim Rider,
Grincinerator,
Grinferno,
Grudge Evil General Mazze,
Gustbluster,
Gustodian,
Hardy Hand,
Hargonaut,
Haunted Housekeeper,
Headless Honcho,
Headless Horseman,
Headless Hunter,
Headless Norseman,
Heedoo Voodoo,
Hell Gladiator,
Hellrider,
Holdy Hand,
Inverzon,
Invisible Swordsman,
Jiangshi Ghost,
Kashigiri Cloak,
Killing Nightmare,
Knightshade,
Lazamanus,
Legirrazzo,
Lesionnaire,
Lower Ghost Soldier,
Lumberin' Jack,
Magma Madness,
Major Headache,
Marine Spirit,
Marrow Escapee,
Mean Spirit,
Mild Headache,
Mirror Grimage,
Monkey Zombie,
Moonlight General,
Moss Dragon,
Muddy Finger,
Mukfish,
Mummy,
Mummy Boy,
Necromancer,
Night Knight,
Night Rider,
One-Man Army,
Orglob,
Phantom Fencer,
Phantom Swordsman,
Pippi Ghost,
Polar Night Sword Emperor,
Poltarrrgeist,
Povadius,
Prison Leader,
Pustule,
Putrefido,
Red Bone,
RotRaven,
Rottenweiler,
Samurai Warlord Dezos,
Sekerleton,
Senior Ghost Soldier,
Servant Of Darkness,
Shadow Minister,
Shadow Noble,
Silver Cape,
Siphon,
Skeleton,
Skeleton Scrapper,
Skeleton Soldier,
Skeleton Squire,
Skeleton Swordsman,
Skellyfish,
Skullkey,
Soggy Hand,
Soy Soldier,
Spirit,
Spitegeist,
Splitting Headache,
Stenchurion,
Sunken Spirit,
Sweeper Captain Banagol,
Talisman Guardian,
The One Out Of The Gate,
The Stranger,
Tortured Soul,
Toxic Zombie,
Troobloovoodoo,
Tyriant,
Ulcer,
Undentured Servant,
Vampire Rat,
Vendor Ghost,
Viking Soul,
Vladdy,
Vladiator,
Vogel,
Voodoogooder,
Walking Corpse,
Water Wraith,
Wight Emperor,
Wight King,
Wight Priest,
Wight Prince,
Wight Prowler,
Wight Ruler,
Wight Watchman,
Witch's Nail,
Wraithwand,
Zombie Gladiator,
Zombie Paladin,
Cetacea,
Gedham,
Geyzer,
Gracos,
Kashal,
Lleviathan,
Otogili,
Bjorn The Behemoose,
Clawde,
Demon Zongaron,
Excalipurr,
Gadrongo,
Gannon The Elder,
Gannon The Younger,
Lieutenant Goreham-Hogg,
Lieutenant Goresby-Purrvis,
Hammibal,
Hana-Chan,
Kon The Knight,
Kourin,
Macho Picchu,
Marquis De Léon,
Mystical Juliante,
Pachatica,
Purrcival,
Purrgatroyd,
Raki,
Raph,
Rashers,
Redcrim,
Shish Kebab,
Evil Sir Leopold,
Slon The Rook,
Demowl,
Fowleye,
Lieutenant Hootingham-Gore,
Jamirus,
Empyrea,
Ramia,
Sacred Bird,
Yafagil,
Tyrantula,
Aamon,
Aamon Final Forme,
Aamon Final Forme 2,
Baramos,
Blackmar,
Boodica's Left-Hand Man,
Boodica's Right-Hand Man,
Claudio,
Dhuran,
Faux Dowager,
Gasputin,
Hybris,
Id,
King Korol,
Krystalinda,
Largo,
Larstastnaras,
Momo,
Momolina,
Nokturnus,
Ojaros,
Petrarch,
Psaro's Pawn,
Pujyu,
The Time Being,
Tyrannosaura Wrecks,
Tyrannosaurus Wrecks,
Alizarin,
Antero,
Balzack,
Denderobe,
Domano,
DragonLad,
Estelle,
Estelle Humanoid,
Fender,
Gotze,
Grand Lizzier,
Nadraga,
Nadraga Humanoid,
Nadraga Final Forme,
Orochi,
Principal Nadia,
Pusugon,
Romani,
Shaka,
Styrmling,
Sulkk,
Whitewhorl The Watcher,
Xenlon,
Zenith Dragon,
Albino Fluzula,
Ragin' Contagion,
Winter Queen,
Archfiend's Acolyte,
Bedora,
Bezebu,
Birdcage Guardian,
Bondiri,
Butoma Preciana,
Dreadmaster,
Grevos,
Hans,
Jiganf,
Maeve,
Mushikaki,
Razerburn,
Robbin' 'Ood,
Souvlaki,
Unfinished Demon,
Witch Valencia,
Cogsgrove,
Tinpot Dictator,
Azurome,
Brock,
Drill Sergeant,
Grandard,
Jia Lumina,
Jia Nebula,
Jia Red Genos,
Jia Red Genos Final Forme,
Jia Rube,
Jia Saphir,
Kyronos,
Kyronos Final Forme,
Roseguardin,
Claria,
Elegia,
The Ifreann Eagle,
Kigiro,
Hooly,
Lumixa,
Rocket,
Sati,
Seraphi,
Slamichi,
Slayoshi,
Slival,
Splatrick,
Swotsy,
Estark,
Gran Estark,
Starkers,
Captain Crow,
King Godwyn,
King Godwyn Second Forme,
Necrogondolier,
Oren Wraithblade,
Robert The Griever,
Rotchester,
Sir Sanguinus,
Vanitatos,
Wight Knight,
Lord Dragon,
Dragonlord,
The Dragonlord,
Dragonlord's Shadow,
True Dragonlord,
Lord Of The Dragovians,
Lord Of The Dragovians Humanoid,
LordDraco,
Gore LordDraco,
Bloodape,
A Flock Of Demon Souls,
Alvin,
Ancient Demon,
Angry Old Man,
Anlucia The Maluminary,
Archfiend Valeria,
Ashlay,
AsuraZoma,
Gore AsuraZoma,
Attila The Hunk,
Averill,
Azabel,
Baramonster,
Barquez,
Battle Saines,
Berserker Ogre,
Blamara,
Bonita,
Brigitte,
Camothrust,
Captain Harbald,
Chief Pride,
Chow Mein,
Cluboon,
Cluboon Ace,
Cobrara,
Corvus,
Corvus Fallen,
Corvus Celestrian,
Curse Of The Great Darkness,
Damniuni,
Darck,
Dark Berserker,
Dark Poikkurin,
Darkling,
Darth Garma,
Daviyaga The Dark Deity,
Madullajah,
Madullajah Ascended,
Zerudorado,
Zeldorade,
Demon Merchant Charman,
Demon Merchant Daily,
Demon Merchant Toleda,
Demon Soul Gwinero,
Demonic Shadow Puppet,
Dhoulmagus,
Dhoulmagus Humanoid,
Diamagon,
Diamagon Ace,
Diesel,
Edahs 'Sohpix,
Embodiment Of Fear,
End Of Time,
Estark Izmah,
Estark Venjah,
Hihyurude,
Evil God's Right Hand,
Evil Jessica,
Exiled Memory,
Fallen Farras,
Farras,
Foo Yung,
Fractos,
Fractos Humanoid,
Fuzzy,
Gadis,
Gallows Giant,
General Zobris,
Golden Boy,
Gwarlock,
Haku,
Harbald Pirates,
Hargon,
Harguru,
Hawkhart,
Hawkhart Ace,
Heliodorian Guard,
Heliodorian Soldier,
Helvel,
Hihyudorado,
Hoakari,
Hoopthorne,
Hunkorvus,
Hussar,
Ilseem,
Jade,
Jagarma,
Jagonuba,
Jagonuba Final Forme,
Jair,
Jasper Humanoid,
Jasper Unbound,
JESTER,
Jilldrana,
Juggerwroth,
Kagebou,
Kamashki,
Kate,
King Devil,
King Dominus,
King Godfrey,
King Of Calamity,
Klashmi,
Lada Ghat,
Ladja,
Bishop Ladja,
Leokid,
Leonyx,
JiaLeone,
Linache,
Lost Ally,
Lost Hero,
Mad Prince,
Mage Killgill,
Majesturnus,
Maldragora,
Maldragora Final Forme,
Malevolynx,
Malroth,
Malzar,
Malzar Beast,
Marcello,
Master Of Nu'un,
Megalodon,
Michelle,
Mjoll's Three Musketeers,
Montner,
Mordegon Humanoid,
Mordegon, Lord Of Shadows,
Mordegon,
Mortamammoth,
Mortamor,
Mortamor Intermediate Forme,
Mortamor Humanoid,
Murdaw,
Nadragle,
Nameless King Of Darkness,
Nava,
Nelgelas,
Nerodus,
Nimclops,
Nimzo,
Nimzo Humanoide,
Nimzy,
Orgodelotl,
Orgodemir,
Orgodemir Humanoide,
Overweening Pride,
Padre,
Phantom King Of Calamity,
Phantom Of The Great Darkness,
Pharaoh Carmen,
Pirate Squalo,
Potentate Of Portals,
Prima Donna,
Psaro The Manslayer,
Psaro,
Psario,
Psaroid,
PsychoPiz,
Gore PsychoPiz,
Pudgedevil,
Quietus King Of Darkness,
Rab,
Red Robbin' 'ood,
Remilia Kagema,
Restless Knight,
Revenge Demon Gaguy,
Rhapthorne,
Rhapthorne II,
Rigibalus,
Rogue Fastfinger,
Rugius,
Sancho,
Sancho Zero,
Semergias,
Soul Of Baramos,
Stella,
Stormsgate Citadel,
Sword Devil Spirit,
Sylvando,
Tegram,
Time Parabox,
Timewyrm,
Toma,
Underdigger,
Vince Vanquish,
Violent Nightmare,
Vurato,
War Goddess Togamihime,
Whambelina,
Wildcard,
WORLD,
Wulfspade,
Wulfspade Ace,
Wyrmalroth,
Xiphos The Deathbringer,
Xuánwǔ,
Yachihoko,
Yarn,
Nelgel The Netherfiend,
Nelgel Humanoid,
Zoma,
Zoma's Devil,
Zomaiden,
Fire Disaster,
Earth Disaster,
Water Disaster,
Wind Disaster,
Dwayn,
Ludo,
Dolph,
Randolfo,
Randolfo Final Forme,
Miraclare,
Jormungandros,
Snapped-Dragon,
Shadroth,
Rigor Mortex,
Rigor Mortex Evolved Forme,
Zumergias,
Gisvarg,
Long John Silverbones,
Avarith,
Hexagoon,
Morag,

